City_ID,City,Country,Date,Lat,Lng,Max Temp,Humidity,Cloudiness,Wind Speed
0,Ushuaia,AR,2022-07-06 03:00:26,-54.8,-68.3,24.4,95,88,1.68
1,Rikitea,PF,2022-07-06 03:00:35,-23.1203,-134.9692,75.54,78,15,18.79
2,Thompson,CA,2022-07-06 03:00:36,55.7435,-97.8558,61.65,38,100,6.22
3,Mar Del Plata,AR,2022-07-06 03:00:06,-38.0023,-57.5575,43.95,78,83,9.48
4,Halmstad,SE,2022-07-06 03:00:36,56.6745,12.8568,57.4,78,40,9.22
5,Jamestown,US,2022-07-06 02:56:52,42.097,-79.2353,75.02,86,100,9.22
6,Severo-Kurilsk,RU,2022-07-06 03:00:37,50.6789,156.125,52.68,83,69,7.29
7,Busselton,AU,2022-07-06 03:00:37,-33.65,115.3333,57.94,51,0,8.95
8,Tasiilaq,GL,2022-07-06 03:00:38,65.6145,-37.6368,37.56,83,70,2.24
9,Puerto Ayora,EC,2022-07-06 03:00:38,-0.7393,-90.3518,71.55,88,81,7.0
10,Mataura,NZ,2022-07-06 03:00:39,-46.1927,168.8643,48.47,76,60,7.56
11,Ust-Nera,RU,2022-07-06 03:00:39,64.5667,143.2,84.58,44,95,6.02
12,Avera,US,2022-07-06 03:00:40,33.194,-82.5271,81.55,73,80,4.92
13,Sainte-Agathe-Des-Monts,CA,2022-07-06 02:57:38,46.0501,-74.2825,57.49,95,100,3.98
14,Arraial Do Cabo,BR,2022-07-06 03:00:21,-22.9661,-42.0278,69.96,85,0,21.03
15,Barrow,US,2022-07-06 03:00:40,71.2906,-156.7887,50.02,81,100,3.44
16,Chapais,CA,2022-07-06 03:00:41,49.7834,-74.8492,55.18,57,99,3.18
17,Puerto Penasco,MX,2022-07-06 03:00:08,31.3167,-113.5333,82.9,58,0,5.99
18,Salalah,OM,2022-07-06 03:00:41,17.0151,54.0924,78.37,92,100,11.68
19,East London,ZA,2022-07-06 02:59:14,-33.0153,27.9116,61.63,69,100,11.63
20,Gonda,IN,2022-07-06 03:00:42,27.1333,81.9333,95.54,46,39,14.52
21,Torbay,CA,2022-07-06 03:00:40,47.6666,-52.7314,59.58,73,1,5.01
22,At-Bashi,KG,2022-07-06 03:00:43,41.1702,75.8106,61.43,49,31,1.48
23,Pyu,MM,2022-07-06 03:00:43,18.4833,96.4333,82.18,85,97,6.02
24,Yar-Sale,RU,2022-07-06 03:00:43,66.8333,70.8333,58.57,68,22,10.67
25,Lorengau,PG,2022-07-06 03:00:44,-2.0226,147.2712,83.8,73,90,10.8
26,Sungaipenuh,ID,2022-07-06 03:00:44,-2.0833,101.3833,75.72,68,93,2.33
27,Khatanga,RU,2022-07-06 03:00:45,71.9667,102.5,57.4,49,100,3.36
28,Labuhan,ID,2022-07-06 03:00:45,-6.8844,112.2051,83.39,72,52,5.84
29,Bambous Virieux,MU,2022-07-06 03:00:45,-20.3428,57.7575,65.21,66,88,14.5
30,Albany,US,2022-07-06 02:59:09,42.6001,-73.9662,69.39,94,93,5.64
31,Provideniya,RU,2022-07-06 03:00:46,64.3833,-173.3,46.51,93,100,8.99
32,Carnarvon,AU,2022-07-06 03:00:25,-24.8667,113.6333,69.22,29,0,9.01
33,Ponta Delgada,PT,2022-07-06 03:00:47,37.7333,-25.6667,66.51,88,40,5.75
34,Bluff,NZ,2022-07-06 03:00:47,-46.6,168.3333,48.79,71,72,19.66
35,Cabo San Lucas,MX,2022-07-06 02:55:56,22.8909,-109.9124,79.52,73,1,3.0
36,Pontianak,ID,2022-07-06 03:00:48,-0.0333,109.3333,80.58,83,75,9.22
37,Port Elizabeth,ZA,2022-07-06 02:59:22,-33.918,25.5701,58.1,95,20,12.66
38,Clyde River,CA,2022-07-06 02:56:00,70.4692,-68.5914,43.03,70,0,4.61
39,Assemini,IT,2022-07-06 03:00:49,39.2915,9.0015,80.04,75,0,9.22
40,Valparaiso,CL,2022-07-06 03:00:49,-33.0393,-71.6273,51.48,73,0,4.03
41,Matara,LK,2022-07-06 03:00:49,5.9485,80.5353,81.72,76,99,11.34
42,Port Alfred,ZA,2022-07-06 03:00:50,-33.5906,26.891,58.17,95,99,3.0
43,Hokitika,NZ,2022-07-06 03:00:51,-42.7167,170.9667,52.7,65,54,5.99
44,Vaini,TO,2022-07-06 03:00:51,-21.2,-175.2,73.09,67,54,16.73
45,Cidreira,BR,2022-07-06 03:00:52,-30.1811,-50.2056,62.53,96,100,6.46
46,Nagua,DO,2022-07-06 03:00:52,19.3832,-69.8474,76.89,85,51,7.18
47,Souillac,MU,2022-07-06 03:00:53,-20.5167,57.5167,68.4,71,92,13.49
48,Berbera,SO,2022-07-06 03:01:53,10.4396,45.0143,89.02,42,82,24.74
49,Saint George,US,2022-07-06 03:01:54,37.1041,-113.5841,93.79,13,0,13.8
50,San Patricio,US,2022-07-06 03:01:54,28.017,-97.5169,84.88,73,64,14.23
51,Butaritari,KI,2022-07-06 03:00:26,3.0707,172.7902,82.51,76,84,21.12
52,Yellowknife,CA,2022-07-06 02:58:47,62.456,-114.3525,73.92,27,20,8.05
53,Westport,US,2022-07-06 03:01:24,41.1415,-73.3579,74.93,89,100,16.11
54,Mayo,US,2022-07-06 03:01:55,38.8876,-76.5119,78.94,92,0,1.01
55,Qaanaaq,GL,2022-07-06 03:01:55,77.484,-69.3632,43.88,55,90,3.02
56,Praia Da Vitoria,PT,2022-07-06 03:01:56,38.7333,-27.0667,65.75,87,100,8.63
57,Talnakh,RU,2022-07-06 03:01:56,69.4865,88.3972,60.21,50,100,7.18
58,Kilindoni,TZ,2022-07-06 03:01:57,-7.9139,39.6668,75.87,75,2,16.93
59,Tuktoyaktuk,CA,2022-07-06 03:00:36,69.4541,-133.0374,47.37,82,54,5.37
60,Hilo,US,2022-07-06 03:01:57,19.7297,-155.09,86.29,85,73,1.99
61,Safford,US,2022-07-06 03:01:58,32.834,-109.7076,90.52,31,0,13.8
62,Carballo,ES,2022-07-06 03:01:58,43.213,-8.691,66.0,90,11,11.45
63,Ekibastuz,KZ,2022-07-06 03:01:59,51.6667,75.3667,59.99,76,100,20.71
64,Cape Town,ZA,2022-07-06 03:01:59,-33.9258,18.4232,54.37,88,0,3.0
65,Veraval,IN,2022-07-06 03:01:59,20.9,70.3667,79.36,92,100,5.7
66,Vanavara,RU,2022-07-06 03:02:00,60.34,102.2797,73.08,45,17,4.65
67,Longyearbyen,SJ,2022-07-06 03:02:00,78.2186,15.6401,42.64,75,75,12.66
68,Ostrovnoy,RU,2022-07-06 03:02:01,68.0531,39.5131,62.08,82,100,16.37
69,Nampula,MZ,2022-07-06 03:02:01,-15.1165,39.2666,58.95,97,3,3.69
70,Cascas,PE,2022-07-06 03:02:02,-7.4833,-78.8167,63.73,67,8,2.93
71,Gongzhuling,CN,2022-07-06 03:02:02,43.5008,124.8198,83.5,68,100,11.54
72,Nhulunbuy,AU,2022-07-06 03:02:02,-12.2333,136.7667,77.61,57,75,17.27
73,Hobart,AU,2022-07-06 03:02:03,-42.8794,147.3294,54.27,76,100,5.95
74,Avarua,CK,2022-07-06 03:02:03,-21.2078,-159.775,73.45,60,57,4.61
75,Namatanai,PG,2022-07-06 03:00:17,-3.6667,152.4333,84.2,68,100,9.31
76,Sitka,US,2022-07-06 03:02:04,57.0531,-135.33,55.29,88,100,5.75
77,Tucuma,BR,2022-07-06 03:02:05,-0.1833,-50.05,73.99,91,17,4.97
78,Nikolskoye,RU,2022-07-06 03:02:05,59.7035,30.7861,59.81,85,12,4.09
79,Kloulklubed,PW,2022-07-06 03:02:05,7.0419,134.2556,82.9,68,45,4.14
80,Talcahuano,CL,2022-07-06 03:02:06,-36.7167,-73.1167,53.19,88,100,23.26
81,Songjianghe,CN,2022-07-06 03:02:06,42.1859,127.479,86.36,47,24,5.61
82,Manga,BF,2022-07-06 03:02:07,11.6636,-1.0731,76.51,78,70,7.81
83,San Jose,US,2022-07-06 03:00:54,37.3394,-121.895,73.99,67,20,16.11
84,Norman Wells,CA,2022-07-06 03:02:07,65.282,-126.8329,83.93,27,5,8.63
85,Pervomayskiy,RU,2022-07-06 03:02:08,53.2485,40.2871,61.61,79,0,7.36
86,Toppenish,US,2022-07-06 03:02:08,46.3774,-120.3087,75.81,56,100,5.01
87,Hasaki,JP,2022-07-06 03:02:09,35.7333,140.8333,82.29,83,68,25.5
88,Hualmay,PE,2022-07-06 03:02:09,-11.0964,-77.6139,61.97,82,60,5.39
89,Bethel,US,2022-07-06 03:02:09,41.3712,-73.414,73.63,85,100,10.36
90,Leshukonskoye,RU,2022-07-06 03:02:10,64.8989,45.7622,70.12,66,49,7.25
91,Pevek,RU,2022-07-06 03:02:10,69.7008,170.3133,44.15,74,100,8.19
92,Jaque,PA,2022-07-06 03:03:11,7.5175,-78.1703,78.26,87,100,2.62
93,Ossora,RU,2022-07-06 03:03:11,59.2353,163.0719,56.93,80,100,4.81
94,Ilfracombe,GB,2022-07-06 03:03:11,51.2093,-4.1134,61.56,95,75,3.0
95,Changping,CN,2022-07-06 03:03:12,40.2186,116.2197,78.44,53,98,3.24
96,Gavle,SE,2022-07-06 03:03:12,60.6745,17.1417,56.37,78,97,1.01
97,Semey,KZ,2022-07-06 03:03:13,50.4111,80.2275,70.02,56,75,22.37
98,San Quintin,MX,2022-07-06 03:03:13,30.4833,-115.95,66.69,83,60,15.5
99,Punta Arenas,CL,2022-07-06 02:58:25,-53.15,-70.9167,26.71,93,100,9.22
100,Pacifica,US,2022-07-06 03:00:05,37.6138,-122.4869,71.22,89,20,8.01
101,New Norfolk,AU,2022-07-06 03:02:43,-42.7826,147.0587,53.92,59,100,3.13
102,Hermanus,ZA,2022-07-06 03:03:14,-34.4187,19.2345,43.81,77,0,5.53
103,Kapaa,US,2022-07-06 03:03:15,22.0752,-159.319,82.38,71,20,17.27
104,Gummidipundi,IN,2022-07-06 03:03:15,13.4,80.15,82.4,64,100,12.15
105,Gorontalo,ID,2022-07-06 03:03:16,0.5412,123.0595,84.65,71,99,5.88
106,Nyurba,RU,2022-07-06 03:03:16,63.2842,118.3319,65.89,60,73,2.64
107,Portland,US,2022-07-06 03:01:57,45.5234,-122.6762,71.78,77,100,5.01
108,Saint-Philippe,RE,2022-07-06 03:03:17,-21.3585,55.7679,65.79,77,57,10.71
109,Faya,SA,2022-07-06 03:03:17,18.3851,42.4509,61.32,31,85,7.36
110,Srednekolymsk,RU,2022-07-06 03:03:17,67.45,153.6833,64.17,42,98,7.99
111,Voi,KE,2022-07-06 03:03:18,-3.3945,38.563,64.81,87,77,6.42
112,Vestmannaeyjar,IS,2022-07-06 03:03:18,63.4427,-20.2734,52.63,90,100,9.08
113,Mount Isa,AU,2022-07-06 03:01:46,-20.7333,139.5,65.97,30,5,17.27
114,Bredasdorp,ZA,2022-07-06 03:03:19,-34.5322,20.0403,47.73,89,0,3.42
115,Zhigansk,RU,2022-07-06 03:03:19,66.7697,123.3711,59.02,46,100,19.37
116,Amurrio,ES,2022-07-06 03:03:20,43.05,-3.0,64.13,85,90,2.91
117,Upernavik,GL,2022-07-06 03:03:20,72.7868,-56.1549,38.41,88,96,6.04
118,Uchaly,RU,2022-07-06 03:03:20,54.2996,59.4521,52.27,70,100,2.8
119,Saldanha,ZA,2022-07-06 03:03:21,-33.0117,17.9442,51.57,89,0,9.08
120,Mugur-Aksy,RU,2022-07-06 03:03:21,50.35,90.5,56.34,45,25,3.6
121,Sao Filipe,CV,2022-07-06 03:03:22,14.8961,-24.4956,74.97,87,49,2.84
122,Luanda,AO,2022-07-06 02:59:49,-8.8368,13.2343,69.8,83,75,6.91
123,Faanui,PF,2022-07-06 03:03:22,-16.4833,-151.75,80.01,70,6,13.29
124,Chipata,ZM,2022-07-06 03:03:23,-13.6333,32.65,52.36,81,0,4.79
125,Bengkulu,ID,2022-07-06 03:02:14,-3.8004,102.2655,79.16,77,98,4.0
126,Afua,BR,2022-07-06 03:03:23,-0.1567,-50.3867,73.62,92,20,3.91
127,Kodino,RU,2022-07-06 03:03:24,63.7198,39.6447,66.02,79,29,6.73
128,Toba,JP,2022-07-06 03:03:24,34.4833,136.85,86.0,79,5,2.64
129,Ajdabiya,LY,2022-07-06 03:03:24,30.7554,20.2263,75.34,92,0,7.43
130,Daru,PG,2022-07-06 03:03:25,-9.0763,143.2092,79.83,87,95,12.77
131,Tura,IN,2022-07-06 03:03:25,25.5198,90.2201,81.45,79,87,7.09
132,Atuona,PF,2022-07-06 03:03:26,-9.8,-139.0333,77.68,73,62,24.79
133,Leningradskiy,RU,2022-07-06 03:03:26,69.3833,178.4167,53.1,64,100,3.02
134,Ocean Springs,US,2022-07-06 03:03:27,30.4113,-88.8278,77.02,93,0,0.0
135,Vila Do Maio,CV,2022-07-06 03:03:27,15.1333,-23.2167,75.99,89,100,11.39
136,Oulainen,FI,2022-07-06 03:03:27,64.2667,24.8,54.81,85,6,7.25
137,Ribeira Grande,PT,2022-07-06 03:04:28,38.5167,-28.7,66.78,78,100,9.22
138,Pleshanovo,RU,2022-07-06 03:04:28,52.8333,53.4833,58.64,76,44,6.55
139,Constitucion,CL,2022-07-06 03:04:29,-35.3333,-72.4167,50.99,85,88,15.97
140,Tarata,BO,2022-07-06 03:04:29,-17.6167,-66.0167,53.08,69,94,4.07
141,Boguchany,RU,2022-07-06 03:04:30,58.3814,97.4531,69.64,57,90,3.18
142,Arlit,NE,2022-07-06 03:04:30,18.7369,7.3853,84.92,39,79,2.35
143,Cayenne,GF,2022-07-06 03:01:50,4.9333,-52.3333,80.1,1,0,1.01
144,Grootfontein,NA,2022-07-06 03:04:31,-19.5667,18.1167,53.28,47,0,4.59
145,Samarai,PG,2022-07-06 03:04:31,-10.6167,150.6667,83.53,74,100,10.18
146,Broome,US,2022-07-06 03:04:32,42.2506,-75.833,74.7,80,75,8.05
147,Pringsewu,ID,2022-07-06 03:04:32,-5.3582,104.9744,86.74,64,32,2.28
148,Tautira,PF,2022-07-06 03:04:33,-17.7333,-149.15,78.53,77,22,16.11
149,Tashara,RU,2022-07-06 03:04:33,55.5195,83.5094,58.12,98,100,0.29
150,Tiksi,RU,2022-07-06 03:04:33,71.6872,128.8694,45.03,68,25,7.83
151,Meulaboh,ID,2022-07-06 03:04:34,4.1363,96.1285,83.52,68,86,1.7
152,Jambi,ID,2022-07-06 03:04:34,-1.6,103.6167,85.77,69,92,4.5
153,Kavaratti,IN,2022-07-06 03:04:34,10.5669,72.642,81.36,84,100,21.52
154,Qiqihar,CN,2022-07-06 03:02:13,47.3408,123.9672,88.27,52,99,11.5
155,Hofn,IS,2022-07-06 03:02:38,64.2539,-15.2082,48.74,80,100,9.55
156,Mecayapan,MX,2022-07-06 03:04:35,18.2167,-94.8333,72.97,89,91,3.78
157,Guantanamo,CU,2022-07-06 03:04:36,20.1444,-75.2092,74.73,80,4,5.03
158,Beloha,MG,2022-07-06 03:04:36,-25.1667,45.05,61.21,89,0,4.79
159,Borgarnes,IS,2022-07-06 03:04:37,64.5383,-21.9206,44.82,80,98,7.61
160,Kahului,US,2022-07-06 03:03:04,20.8947,-156.47,84.22,65,20,25.32
161,Miracema Do Tocantins,BR,2022-07-06 03:04:37,-9.5618,-48.3967,75.29,49,14,2.71
162,Vardo,NO,2022-07-06 03:03:55,70.3705,31.1107,57.18,94,75,8.05
163,Airai,TL,2022-07-06 03:04:38,-8.9266,125.4092,65.01,60,61,3.18
164,Dingle,PH,2022-07-06 03:04:38,10.9995,122.6711,86.07,70,100,4.41
165,Sao Gabriel Da Cachoeira,BR,2022-07-06 03:04:39,-0.1303,-67.0892,73.76,94,57,1.39
166,Lebu,CL,2022-07-06 03:04:39,-37.6167,-73.65,51.53,84,100,20.56
167,San Ramon,US,2022-07-06 03:01:27,37.7799,-121.978,71.82,72,40,9.22
168,Kaitangata,NZ,2022-07-06 03:04:40,-46.2817,169.8464,49.41,69,46,12.1
169,Onguday,RU,2022-07-06 03:04:40,50.75,86.15,59.22,75,98,5.06
170,Salinopolis,BR,2022-07-06 03:04:41,-0.6136,-47.3561,76.35,87,5,8.97
171,Chokurdakh,RU,2022-07-06 03:03:55,70.6333,147.9167,55.42,33,100,8.03
172,Kurchum,KZ,2022-07-06 03:04:41,48.5722,83.6542,73.2,42,64,13.49
173,Mahebourg,MU,2022-07-06 03:04:42,-20.4081,57.7,65.25,66,92,14.27
174,Moramanga,MG,2022-07-06 03:04:42,-18.9333,48.2,47.97,98,5,2.13
175,Kodiak,US,2022-07-06 03:01:31,57.79,-152.4072,58.15,78,61,9.33
176,Markova,UA,2022-07-06 03:04:43,48.6758,24.4138,61.59,91,100,3.78
177,Hithadhoo,MV,2022-07-06 03:04:43,-0.6,73.0833,82.45,73,98,8.68
178,Nanae,JP,2022-07-06 03:04:44,41.8833,140.6833,74.17,77,90,8.59
179,Ahipara,NZ,2022-07-06 03:04:44,-35.1667,173.1667,59.72,92,100,7.67
180,Caravelas,BR,2022-07-06 03:05:44,-17.7125,-39.2481,69.33,83,0,3.18
181,Aswan,EG,2022-07-06 03:05:45,24.0934,32.907,86.97,24,98,6.29
182,Bonthe,SL,2022-07-06 03:05:45,7.5264,-12.505,76.42,83,66,4.68
183,Ilulissat,GL,2022-07-06 03:05:45,69.2167,-51.1,44.62,93,100,3.44
184,Ust-Tsilma,RU,2022-07-06 03:05:46,65.441,52.1498,69.04,74,58,4.7
185,Darab,IR,2022-07-06 03:05:46,28.7519,54.5444,89.24,29,99,4.43
186,Vestmanna,FO,2022-07-06 03:05:47,62.1564,-7.1664,49.12,100,100,1.14
187,Codrington,AU,2022-07-06 03:05:47,-38.2667,141.9667,55.56,62,1,13.8
188,Rio Gallegos,AR,2022-07-06 03:01:41,-51.6226,-69.2181,33.03,83,96,3.24
189,Tabou,CI,2022-07-06 03:05:48,4.423,-7.3528,76.6,81,100,7.2
190,Port Augusta,AU,2022-07-06 03:02:37,-32.5,137.7667,58.8,43,0,7.45
191,Nanortalik,GL,2022-07-06 03:05:48,60.1432,-45.2371,44.53,84,94,8.43
192,Verkhnyaya Sinyachikha,RU,2022-07-06 03:05:49,57.976,61.6673,57.81,70,100,1.95
193,Tilichiki,RU,2022-07-06 03:05:49,60.4667,166.1,58.26,67,100,4.5
194,Rosario Oeste,BR,2022-07-06 03:02:01,-14.8361,-56.4275,69.58,38,79,4.94
195,Grand Gaube,MU,2022-07-06 03:05:50,-20.0064,57.6608,65.37,75,66,5.01
196,Maceio,BR,2022-07-06 03:05:44,-9.6658,-35.7353,72.84,88,75,1.14
197,Lompoc,US,2022-07-06 03:05:50,34.6391,-120.4579,72.57,84,0,15.99
198,Port Hardy,CA,2022-07-06 03:05:50,50.6996,-127.4199,57.87,86,70,10.02
199,Chuy,UY,2022-07-06 03:05:51,-33.6971,-53.4616,55.0,89,98,5.06
200,Yabrud,SY,2022-07-06 03:05:51,33.9674,36.6574,64.51,40,0,0.87
201,Santa Ana,US,2022-07-06 03:01:01,33.7456,-117.8678,78.6,70,20,9.22
202,Mount Gambier,AU,2022-07-06 03:02:07,-37.8333,140.7667,56.16,64,2,11.03
203,Bontang,ID,2022-07-06 03:03:44,0.1333,117.5,84.79,67,100,5.86
204,Puerto Escondido,MX,2022-07-06 03:05:52,15.85,-97.0667,80.78,83,100,5.77
205,Santa Margherita Ligure,IT,2022-07-06 03:05:53,44.3346,9.212,76.71,80,26,1.01
206,Mogadishu,SO,2022-07-06 03:05:53,2.0371,45.3438,76.53,82,100,19.89
207,Slawno,PL,2022-07-06 03:05:54,54.3628,16.6789,53.56,89,53,8.61
208,Tuatapere,NZ,2022-07-06 03:05:54,-46.1333,167.6833,48.92,68,46,6.73
209,Porto Santo,PT,2022-07-06 03:05:54,33.072,-16.3415,66.58,63,75,12.66
210,Rajauri,IN,2022-07-06 03:05:55,33.3833,74.3,82.06,73,90,1.21
211,Syracuse,IT,2022-07-06 03:05:55,37.0881,15.2792,70.97,69,0,7.25
212,Padang,ID,2022-07-06 03:02:56,-0.9492,100.3543,82.45,77,99,2.64
213,Tepalcatepec,MX,2022-07-06 03:05:56,19.1833,-102.85,75.76,86,90,2.75
214,Gat,IL,2022-07-06 03:05:56,31.61,34.7642,74.08,100,1,4.21
215,Mehran,IR,2022-07-06 03:05:57,33.1222,46.1646,91.62,17,0,8.37
216,Khani,GE,2022-07-06 03:05:57,41.9563,42.9566,54.97,69,0,5.03
217,Namibe,AO,2022-07-06 03:05:57,-15.1961,12.1522,65.39,64,0,5.84
218,Yulara,AU,2022-07-06 03:05:58,-25.2406,130.9889,58.78,20,0,6.13
219,Soyo,AO,2022-07-06 03:04:16,-6.1349,12.3689,68.38,91,87,7.25
220,Kendari,ID,2022-07-06 03:05:58,-3.945,122.4989,80.98,81,19,2.62
221,Svetlyy,RU,2022-07-06 03:05:59,54.675,20.1347,56.97,80,100,6.82
222,Ylivieska,FI,2022-07-06 03:05:59,64.0833,24.55,54.88,83,12,7.29
223,Yokadouma,CM,2022-07-06 03:05:59,3.5167,15.05,67.95,98,93,1.88
224,Georgetown,MY,2022-07-06 03:05:51,5.4112,100.3354,87.73,72,20,5.75
225,Dikson,RU,2022-07-06 03:03:56,73.5069,80.5464,34.0,98,100,10.31
226,Havre-Saint-Pierre,CA,2022-07-06 03:06:00,50.2334,-63.5986,52.63,71,29,9.08
227,Ponta Do Sol,PT,2022-07-06 03:06:01,32.6667,-17.1,68.63,70,28,5.88
228,Primorsk,UA,2022-07-06 03:07:01,46.7348,36.3443,74.97,55,8,6.13
229,Kavieng,PG,2022-07-06 03:07:02,-2.5744,150.7967,84.85,73,99,15.08
230,Kinsale,IE,2022-07-06 03:07:02,51.7075,-8.5306,56.57,88,40,5.75
231,Shirokiy,RU,2022-07-06 03:07:02,49.758,129.523,82.78,70,24,11.25
232,Bam,IR,2022-07-06 03:07:03,29.106,58.357,88.59,19,44,12.48
233,Villefranche-De-Rouergue,FR,2022-07-06 03:07:03,44.3333,2.0,61.57,74,0,3.89
234,Menongue,AO,2022-07-06 03:07:04,-14.6585,17.691,49.59,65,0,3.65
235,Sale,MA,2022-07-06 03:07:04,34.0389,-6.8166,69.75,83,75,0.0
236,Mopti,ML,2022-07-06 03:02:45,14.6667,-4.0,86.07,47,92,8.97
237,Beruwala,LK,2022-07-06 03:07:05,6.4788,79.9828,80.69,82,100,8.95
238,Lagoa,PT,2022-07-06 03:03:07,39.05,-27.9833,65.91,78,100,11.95
239,Orchard Homes,US,2022-07-06 03:07:05,46.8633,-114.0484,77.14,39,0,6.91
240,Uni,RU,2022-07-06 03:07:06,57.7535,51.4923,61.0,75,3,6.71
241,Trofors,NO,2022-07-06 03:07:06,65.5333,13.4063,48.07,92,100,7.09
242,Polunochnoye,RU,2022-07-06 03:07:06,60.8697,60.4153,59.05,86,51,1.21
243,Gola Gokarannath,IN,2022-07-06 03:07:07,28.0833,80.4667,95.36,46,21,13.06
244,Saryozek,KZ,2022-07-06 03:07:07,44.3583,77.9753,71.46,35,0,4.63
245,Richards Bay,ZA,2022-07-06 03:07:08,-28.783,32.0377,62.01,69,0,7.43
246,Geraldton,AU,2022-07-06 03:05:25,-28.7667,114.6,66.61,82,82,9.22
247,Cherskiy,RU,2022-07-06 03:07:08,68.75,161.3,47.37,71,100,17.36
248,Altay,CN,2022-07-06 03:07:09,47.8667,88.1167,68.11,43,37,12.06
249,Kiama,AU,2022-07-06 03:07:09,-34.6833,150.8667,61.0,92,100,5.01
250,Batagay,RU,2022-07-06 03:07:10,67.6333,134.6333,44.89,95,100,5.7
251,Vanderhoof,CA,2022-07-06 03:07:10,54.0166,-124.0198,63.95,79,92,4.65
252,Jimma,ET,2022-07-06 03:07:10,7.6667,36.8333,55.98,96,94,1.45
253,Stabat,ID,2022-07-06 03:07:11,3.761,98.4513,84.4,65,93,2.01
254,Imbituba,BR,2022-07-06 03:02:16,-28.24,-48.6703,69.85,94,85,5.53
255,Castro,BR,2022-07-06 03:02:23,-24.7911,-50.0119,54.1,80,100,3.09
256,Esperance,AU,2022-07-06 03:05:50,-33.8667,121.9,57.04,80,100,8.79
257,Kachug,RU,2022-07-06 03:07:12,53.9606,105.8817,73.15,48,52,0.45
258,Inhambane,MZ,2022-07-06 03:07:12,-23.865,35.3833,62.08,86,0,3.44
259,Asau,RO,2022-07-06 03:07:13,46.4333,26.4,65.68,63,75,5.55
260,Saskylakh,RU,2022-07-06 03:07:13,71.9167,114.0833,55.2,61,53,8.5
261,Erzin,TR,2022-07-06 03:07:13,36.9559,36.2,72.39,81,0,0.67
262,Wamba,NG,2022-07-06 03:07:14,8.9333,8.6,70.41,90,56,2.46
263,Luoyang,CN,2022-07-06 03:07:14,34.6836,112.4536,92.28,41,4,7.11
264,Taywarah,AF,2022-07-06 03:07:15,33.35,64.4167,69.66,27,11,2.08
265,Abu Samrah,SY,2022-07-06 03:07:16,35.3029,37.1841,71.55,57,0,9.62
266,Vostok,RU,2022-07-06 03:07:16,46.4856,135.8833,77.61,75,66,0.49
267,Guerrero Negro,MX,2022-07-06 03:07:16,27.9769,-114.0611,66.09,85,0,16.46
268,Luangwa,ZM,2022-07-06 03:07:17,-15.6167,30.4167,56.19,90,4,2.46
269,Narsaq,GL,2022-07-06 03:07:17,60.9167,-46.05,48.42,96,100,1.54
270,Sayyan,YE,2022-07-06 03:07:18,15.1718,44.3244,62.6,45,48,4.76
271,Iqaluit,CA,2022-07-06 03:07:18,63.7506,-68.5145,40.69,100,100,4.45
272,Agadir,MA,2022-07-06 03:08:19,30.4202,-9.5982,68.45,80,0,2.89
273,Korla,CN,2022-07-06 03:08:19,41.7597,86.1469,88.61,20,0,24.49
274,Le Port,RE,2022-07-06 03:08:19,-20.9373,55.2919,67.96,70,88,3.78
275,Yerbogachen,RU,2022-07-06 03:08:20,61.2767,108.0108,68.31,54,100,6.26
276,Tommot,RU,2022-07-06 03:08:20,58.9564,126.2925,85.17,52,84,8.46
277,Itarema,BR,2022-07-06 03:08:21,-2.9248,-39.9167,73.89,80,77,8.79
278,Takaka,NZ,2022-07-06 03:08:21,-40.85,172.8,57.56,71,19,4.9
279,Luderitz,NA,2022-07-06 03:08:21,-26.6481,15.1594,55.2,46,0,6.17
280,Aberdeen,GB,2022-07-06 03:08:22,57.1437,-2.0981,59.65,95,100,4.61
281,Fort Dodge,US,2022-07-06 03:08:22,42.4975,-94.168,72.01,88,0,3.44
282,Jiazi,CN,2022-07-06 03:08:23,22.8779,116.067,76.77,96,100,10.56
283,Nakhon Thai,TH,2022-07-06 03:08:23,17.1006,100.8374,83.62,75,98,3.69
284,Ryotsu,JP,2022-07-06 03:08:24,38.0833,138.4333,80.38,71,0,10.29
285,Saint-Augustin,CA,2022-07-06 03:08:24,51.226,-58.6502,51.78,65,99,10.31
286,Vanimo,PG,2022-07-06 03:08:25,-2.6741,141.3028,82.15,82,58,2.21
287,Ribeira Brava,PT,2022-07-06 03:08:25,32.65,-17.0667,68.63,73,31,5.46
288,Yumen,CN,2022-07-06 03:08:25,40.2833,97.2,88.11,12,0,19.01
289,Rocha,UY,2022-07-06 03:05:27,-34.4833,-54.3333,46.92,96,4,3.09
290,Pangnirtung,CA,2022-07-06 03:08:26,66.1451,-65.7125,42.87,73,100,3.8
291,Ayan,RU,2022-07-06 03:08:26,56.45,138.1667,62.35,83,31,2.46
292,Fairhope,US,2022-07-06 03:05:38,30.523,-87.9033,81.68,80,0,3.0
293,Klaksvik,FO,2022-07-06 03:08:27,62.2266,-6.589,50.92,99,100,4.07
294,Port Hueneme,US,2022-07-06 03:08:27,34.1478,-119.1951,74.52,85,100,11.5
295,Buchanan,LR,2022-07-06 03:08:28,5.8808,-10.0467,75.54,88,59,5.01
296,Lata,PT,2022-07-06 03:08:28,40.1629,-8.3327,65.07,92,19,1.77
297,Parau,NZ,2022-07-06 03:08:29,-36.9672,174.6141,61.72,81,75,5.75
298,Bubaque,GW,2022-07-06 03:08:29,11.2833,-15.8333,80.51,76,100,12.68
299,Batavia,US,2022-07-06 03:08:29,41.85,-88.3126,80.28,82,40,19.57
300,Axim,GH,2022-07-06 03:07:11,4.8699,-2.2405,75.47,90,65,5.39
301,Ambilobe,MG,2022-07-06 03:08:30,-13.2,49.05,61.25,77,7,4.09
302,Prince George,CA,2022-07-06 03:08:30,53.9166,-122.753,62.29,91,100,3.24
303,Kem,RU,2022-07-06 03:08:31,64.9555,34.5793,62.29,73,67,8.68
304,Fort Nelson,CA,2022-07-06 03:08:31,58.8053,-122.7002,67.82,51,86,3.71
305,Bar-Le-Duc,FR,2022-07-06 03:08:32,48.75,5.1667,55.78,85,0,6.49
306,Zhanaozen,KZ,2022-07-06 03:08:32,43.3,52.8,68.22,51,0,13.73
307,Ha Tinh,VN,2022-07-06 03:08:32,18.3333,105.9,85.19,73,100,2.1
308,Bara,NG,2022-07-06 03:08:33,10.3744,10.7288,73.47,80,98,6.8
309,Kelso,US,2022-07-06 03:08:33,46.1468,-122.9084,69.76,87,100,4.61
310,Quatre Cocos,MU,2022-07-06 03:08:34,-20.2078,57.7625,65.08,70,82,14.67
311,Luba,GQ,2022-07-06 03:08:34,3.4568,8.5547,76.82,89,95,6.06
312,Plymouth,US,2022-07-06 03:05:56,41.8334,-70.8328,71.76,75,100,11.5
313,Fort-De-France,MQ,2022-07-06 03:08:35,14.6089,-61.0733,78.75,94,75,5.75
314,Concepcion,CL,2022-07-06 03:08:35,-36.827,-73.0498,53.4,94,100,16.11
315,Victoria,HK,2022-07-06 03:08:35,22.2855,114.1577,88.18,86,100,10.0
316,Beidao,CN,2022-07-06 03:08:36,34.5686,105.8933,89.04,29,0,0.11
317,Port Lincoln,AU,2022-07-06 03:08:36,-34.7333,135.8667,58.19,59,43,7.92
318,Gisors,FR,2022-07-06 03:09:37,49.2818,1.7801,54.68,88,0,0.34
319,Baoro,CF,2022-07-06 03:09:37,5.6667,15.9667,66.06,98,100,1.81
320,Mlonggo,ID,2022-07-06 03:09:37,-6.5333,110.7,84.2,70,48,1.21
321,Coquimbo,CL,2022-07-06 03:08:30,-29.9533,-71.3436,49.73,87,0,2.3
322,Smithers,CA,2022-07-06 03:09:38,54.7804,-127.1743,65.86,71,84,1.74
323,Sioux Lookout,CA,2022-07-06 03:09:38,50.1001,-91.917,58.78,68,20,4.65
324,Sao Jose Da Coroa Grande,BR,2022-07-06 03:09:39,-8.8978,-35.1478,73.94,87,9,11.39
325,Hamilton,US,2022-07-06 03:09:39,39.1834,-84.5333,79.72,89,0,3.44
326,Husavik,IS,2022-07-06 03:09:40,66.0449,-17.3389,40.96,88,44,3.29
327,Umm Lajj,SA,2022-07-06 03:09:40,25.0213,37.2685,85.17,44,6,6.58
328,Bay City,US,2022-07-06 03:09:40,43.5945,-83.8889,73.4,86,0,5.75
329,Laguna,US,2022-07-06 03:09:41,38.421,-121.4238,81.32,55,0,14.97
330,Yazoo City,US,2022-07-06 03:09:41,32.8551,-90.4056,79.99,78,34,5.28
331,Margate,GB,2022-07-06 03:09:42,51.3813,1.3862,58.69,85,42,1.99
332,Glamoc,BA,2022-07-06 03:09:42,44.0458,16.8486,59.59,96,8,5.91
333,Half Moon Bay,US,2022-07-06 03:09:42,37.4636,-122.4286,72.05,81,40,13.8
334,Selma,US,2022-07-06 03:05:41,36.5708,-119.6121,89.38,43,0,5.75
335,Huarmey,PE,2022-07-06 03:09:43,-10.0681,-78.1522,62.35,85,53,8.81
336,Petropavlovsk-Kamchatskiy,RU,2022-07-06 03:09:43,53.0452,158.6483,64.99,68,20,11.18
337,Oranjestad,AW,2022-07-06 03:09:44,12.524,-70.027,80.31,86,5,20.49
338,Lasem,ID,2022-07-06 03:09:44,-6.6922,111.4527,84.11,71,32,4.18
339,Roebourne,AU,2022-07-06 03:09:45,-20.7833,117.1333,68.81,20,27,17.27
340,Port Blair,IN,2022-07-06 03:09:45,11.6667,92.75,82.44,83,75,3.44
341,Marienburg,PL,2022-07-06 03:09:45,54.0359,19.0266,58.12,85,100,4.07
342,Aksu,CN,2022-07-06 03:09:46,41.1231,80.2644,89.98,21,63,4.7
343,Salinas,US,2022-07-06 03:08:45,36.6777,-121.6555,70.0,71,0,10.36
344,Komsomolskiy,UZ,2022-07-06 03:09:46,40.4272,71.7189,75.92,27,4,2.3
345,Henties Bay,NA,2022-07-06 03:09:47,-22.116,14.2845,55.09,83,0,8.37
346,Rivadavia,AR,2022-07-06 03:09:47,-33.1905,-68.4608,46.11,33,0,1.79
347,Bocana De Paiwas,NI,2022-07-06 03:09:48,12.7857,-85.1227,73.42,97,100,7.58
348,Pangody,RU,2022-07-06 03:09:48,65.85,74.4859,54.86,90,100,10.49
349,Gari,RU,2022-07-06 03:09:48,59.4307,62.3497,56.98,80,97,0.94
350,Kirakira,SB,2022-07-06 03:09:49,-10.4544,161.9205,83.73,74,100,9.64
351,Alyangula,AU,2022-07-06 03:09:49,-13.8483,136.4192,73.27,54,92,12.84
352,Ilembo,TZ,2022-07-06 03:09:49,-9.25,33.3833,47.82,96,83,4.29
353,Vila Franca Do Campo,PT,2022-07-06 03:09:50,37.7167,-25.4333,66.2,79,100,7.56
354,Makaryev,RU,2022-07-06 03:09:50,57.8797,43.8069,63.1,72,91,6.51
355,Shenzhen,CN,2022-07-06 03:07:52,22.5455,114.0683,88.07,94,100,7.4
356,Novikovo,RU,2022-07-06 03:09:51,51.1537,37.8879,67.66,80,1,3.76
357,Antalaha,MG,2022-07-06 03:09:51,-14.9003,50.2788,67.19,88,88,7.58
358,Vilcun,CL,2022-07-06 03:09:52,-38.65,-72.2333,45.34,94,100,10.54
359,Beira,MZ,2022-07-06 03:09:52,-19.8436,34.8389,61.95,92,1,5.14
360,Dale,US,2022-07-06 03:09:52,38.1689,-86.99,87.51,74,0,4.61
361,Gushikawa,JP,2022-07-06 03:09:53,26.3544,127.8686,89.6,81,100,11.5
362,Tomatlan,MX,2022-07-06 03:09:53,19.9333,-105.25,77.04,83,93,1.86
363,Cordele,US,2022-07-06 03:09:54,31.9635,-83.7824,81.12,78,40,0.0
364,Kudahuvadhoo,MV,2022-07-06 03:09:54,2.6708,72.8944,83.44,72,98,10.85
365,San Vicente,AR,2022-07-06 03:09:54,-26.6167,-54.1333,63.54,65,100,4.25
366,Hun,LY,2022-07-06 03:10:55,29.1268,15.9477,76.69,53,0,5.95
367,Solnechnyy,RU,2022-07-06 03:10:55,50.7214,136.6319,89.49,42,5,9.93
368,Bowen,AU,2022-07-06 03:10:56,-20.0167,148.2333,67.55,55,0,8.9
369,Afrikanda,RU,2022-07-06 03:10:56,67.4429,32.7828,57.54,84,90,5.66
370,Patiya,BD,2022-07-06 03:10:56,22.2931,91.9762,86.43,68,100,4.9
371,Aklavik,CA,2022-07-06 03:10:57,68.2191,-135.0107,71.64,63,92,10.31
372,Shelburne,CA,2022-07-06 03:10:57,44.0787,-80.2041,62.11,98,68,8.88
373,Kedrovyy,RU,2022-07-06 03:10:58,56.1667,91.8167,67.87,78,100,7.74
374,Tailai,CN,2022-07-06 03:10:58,46.3833,123.4,84.49,64,100,16.08
375,Nishihara,JP,2022-07-06 03:10:58,26.1842,127.7558,89.65,77,75,11.5
376,Ampanihy,MG,2022-07-06 03:10:59,-24.7,44.75,61.12,77,0,4.81
377,Alofi,NU,2022-07-06 03:10:59,-19.0595,-169.9187,78.69,100,40,17.27
378,Cuajinicuilapa,MX,2022-07-06 03:10:59,16.4667,-98.4167,77.41,90,98,3.85
379,Katsuura,JP,2022-07-06 03:11:00,35.1333,140.3,84.22,72,99,20.6
380,Ingham,US,2022-07-06 03:11:00,42.6,-84.3833,78.42,79,40,0.0
381,Coihaique,CL,2022-07-06 03:11:01,-45.5752,-72.0662,31.95,93,20,3.44
382,Sisimiut,GL,2022-07-06 03:11:01,66.9395,-53.6735,45.43,87,64,3.27
383,Indaial,BR,2022-07-06 03:11:01,-26.8978,-49.2317,62.62,99,100,2.93
384,Fortuna,US,2022-07-06 03:11:02,40.5982,-124.1573,64.9,86,100,1.01
385,Dubovskoye,RU,2022-07-06 03:11:02,47.4092,42.7575,67.33,43,0,6.38
386,Zhelyabovka,UA,2022-07-06 03:11:03,45.3988,34.7578,70.9,52,0,3.94
387,Svecha,RU,2022-07-06 03:11:03,58.2785,47.5164,60.93,74,97,5.1
388,Adrar,MR,2022-07-06 03:11:03,20.5022,-10.0711,92.21,19,27,15.21
389,Bougouni,ML,2022-07-06 03:07:19,11.417,-7.479,75.49,81,75,4.16
390,Morozovsk,RU,2022-07-06 03:11:04,48.3539,41.8261,67.75,64,0,5.75
391,Flinders,AU,2022-07-06 03:11:04,-34.5833,150.8552,60.19,89,100,1.99
392,Shahreza,IR,2022-07-06 03:11:05,32.0339,51.8794,69.37,33,0,6.11
393,Alugan,PH,2022-07-06 03:11:05,12.2188,125.4808,84.63,73,100,4.12
394,Brigantine,US,2022-07-06 03:11:06,39.4101,-74.3646,72.0,89,20,10.36
395,Fougamou,GA,2022-07-06 03:11:06,-1.2154,10.5838,68.4,90,28,1.23
396,Beneditinos,BR,2022-07-06 03:11:07,-5.45,-42.3667,74.08,57,32,4.34
397,Shimanovsk,RU,2022-07-06 03:11:07,52.0,127.7,86.86,50,99,12.73
398,Beringovskiy,RU,2022-07-06 03:11:08,63.05,179.3167,48.09,88,100,6.35
399,Ajaccio,FR,2022-07-06 03:11:08,42.0,8.9167,68.05,73,0,5.75
400,Biloela,AU,2022-07-06 03:11:09,-24.4167,150.5,62.31,55,0,10.0
401,Ust-Ilimsk,RU,2022-07-06 03:11:09,58.0006,102.6619,77.97,34,19,2.44
402,Muros,ES,2022-07-06 03:11:10,42.7762,-9.0603,67.08,75,2,14.92
403,Pacific Grove,US,2022-07-06 03:11:10,36.6177,-121.9166,67.8,83,20,9.22
404,Champua,IN,2022-07-06 03:11:11,22.0833,85.6667,81.64,78,100,8.03
405,Taoudenni,ML,2022-07-06 03:11:11,22.6783,-3.9836,97.23,9,38,8.16
406,Okhotsk,RU,2022-07-06 03:11:12,59.3833,143.3,64.63,75,30,5.77
407,Bandarbeyla,SO,2022-07-06 03:11:12,9.4942,50.8122,77.72,68,34,32.26
408,Soc Trang,VN,2022-07-06 03:11:12,9.6033,105.98,87.53,68,97,11.05
409,Besuki,ID,2022-07-06 03:11:13,-7.7338,113.6979,83.41,73,94,2.98
410,Eldama Ravine,KE,2022-07-06 03:12:13,0.0516,35.7308,56.61,82,100,1.1
411,Buala,SB,2022-07-06 03:12:14,-8.145,159.5921,84.79,68,99,10.27
412,Pisco,PE,2022-07-06 03:12:14,-13.7,-76.2167,59.02,94,80,2.3
413,Rincon,US,2022-07-06 03:08:11,32.296,-81.2354,82.85,86,0,6.91
414,Sorland,NO,2022-07-06 03:12:15,67.667,12.6934,49.86,77,96,18.75
415,Karratha,AU,2022-07-06 03:12:15,-20.7377,116.8463,68.99,21,36,18.28
416,Kothi,IN,2022-07-06 03:12:15,24.75,80.7833,90.55,51,73,7.14
417,Terrace,CA,2022-07-06 03:07:36,54.5163,-128.6035,67.93,74,100,2.66
418,Martinopolis,BR,2022-07-06 03:12:16,-22.1458,-51.1708,62.02,47,95,6.55
419,Bahia Blanca,AR,2022-07-06 03:12:17,-38.7196,-62.2724,51.82,36,100,9.82
420,Xinyu,CN,2022-07-06 03:12:17,27.8043,114.9334,88.57,71,44,9.95
421,Calbuco,CL,2022-07-06 03:12:18,-41.768,-73.1273,45.61,92,100,21.39
422,Shebunino,RU,2022-07-06 03:12:18,46.4339,141.8603,69.12,71,15,4.45
423,Acajutla,SV,2022-07-06 03:12:18,13.5928,-89.8275,77.63,89,90,8.95
424,San Rafael Del Sur,NI,2022-07-06 03:12:19,11.8485,-86.4384,77.97,85,100,11.45
425,Gunjur,GM,2022-07-06 03:12:19,13.2019,-16.7339,78.87,89,40,3.44
426,Verkhnevilyuysk,RU,2022-07-06 03:12:20,63.4453,120.3167,54.19,92,100,5.53
427,Svencionys,LT,2022-07-06 03:12:20,55.15,26.1667,57.65,78,100,3.0
428,Ancud,CL,2022-07-06 03:12:20,-41.8697,-73.8203,43.23,90,100,20.83
429,Boa Vista,BR,2022-07-06 03:12:21,2.8197,-60.6733,76.98,88,75,3.44
430,Vilhena,BR,2022-07-06 03:12:22,-12.7406,-60.1458,66.85,47,49,3.69
431,Maryborough,AU,2022-07-06 03:12:22,-25.5333,152.7,68.11,54,45,6.8
432,Igarka,RU,2022-07-06 03:12:22,67.4667,86.5833,61.39,50,100,7.7
433,Jinchang,CN,2022-07-06 03:12:23,38.4953,102.1739,86.58,15,0,8.66
434,Tynda,RU,2022-07-06 03:12:23,55.1667,124.7167,84.24,52,78,7.31
435,Bathsheba,BB,2022-07-06 03:12:24,13.2167,-59.5167,81.21,89,40,21.85
436,Bani,DO,2022-07-06 03:09:41,18.2833,-70.3333,77.86,76,6,10.54
437,Verkhnyaya Inta,RU,2022-07-06 03:12:24,65.9811,60.3094,59.68,66,52,2.77
438,Ngunguru,NZ,2022-07-06 03:12:25,-35.6167,174.5,60.84,77,100,7.67
439,Norden,DE,2022-07-06 03:12:25,53.6,7.2,54.95,77,99,14.7
440,Lucapa,AO,2022-07-06 03:12:25,-8.4192,20.7447,61.92,43,26,4.0
441,Mwinilunga,ZM,2022-07-06 03:12:26,-11.7358,24.4293,50.65,64,4,2.8
442,Whithorn,JM,2022-07-06 03:12:26,18.2604,-78.0378,74.44,92,83,3.69
443,Zhuhai,CN,2022-07-06 03:12:26,22.2769,113.5678,89.85,89,40,11.5
444,Loandjili,CG,2022-07-06 03:12:27,-4.7561,11.8578,70.95,84,86,7.2
445,Armeria,MX,2022-07-06 03:12:27,18.9333,-103.9667,78.82,90,61,4.07
446,Porbandar,IN,2022-07-06 03:12:28,21.6422,69.6093,79.92,90,100,3.4
447,Havre,FR,2022-07-06 03:12:28,49.5833,0.3333,56.97,100,0,2.3
448,Cairns,AU,2022-07-06 03:11:01,-16.9167,145.7667,79.07,61,40,8.05
449,Porto Seguro,BR,2022-07-06 03:12:29,-16.4497,-39.0647,70.32,88,40,3.44
450,Saint-Pierre,RE,2022-07-06 03:12:29,-21.3393,55.4781,65.91,68,40,5.75
451,Makat,KZ,2022-07-06 03:12:30,47.6469,53.3463,64.22,61,38,16.58
452,Katherine,AU,2022-07-06 03:12:30,-14.4667,132.2667,71.92,33,100,12.66
453,Manosque,FR,2022-07-06 03:12:30,43.8288,5.7869,65.55,66,99,5.95
454,Bilibino,RU,2022-07-06 03:13:31,68.0546,166.4372,55.58,86,100,5.48
455,Amahai,ID,2022-07-06 03:13:31,-3.3333,128.9167,79.93,79,98,6.22
456,Savannah Bight,HN,2022-07-06 03:13:32,16.45,-85.85,82.18,82,97,18.84
457,Nelson Bay,AU,2022-07-06 03:09:36,-32.7167,152.15,64.0,99,100,17.0
458,Bowling Green,US,2022-07-06 03:09:29,36.9903,-86.4436,89.53,58,0,8.05
459,Merrill,US,2022-07-06 03:13:32,45.1805,-89.6835,73.67,87,40,0.0
460,Plettenberg Bay,ZA,2022-07-06 03:13:33,-34.0527,23.3716,55.06,87,64,3.76
461,Corowa,AU,2022-07-06 03:13:33,-36.0333,146.3833,56.57,72,0,4.76
462,Karatau,KZ,2022-07-06 03:13:34,43.1667,70.4667,77.5,25,0,4.38
463,Lavos,PT,2022-07-06 03:13:34,40.0936,-8.8283,66.18,95,0,0.04
464,Akkermanovka,RU,2022-07-06 03:13:34,51.2467,58.2391,52.72,69,95,8.97
465,Teguldet,RU,2022-07-06 03:13:35,57.3064,88.1667,66.0,66,97,4.74
466,Port Keats,AU,2022-07-06 03:13:35,-14.25,129.55,75.45,27,72,10.38
467,Lampang,TH,2022-07-06 03:13:36,18.3333,99.5,81.73,78,100,2.48
468,Sao Raimundo Nonato,BR,2022-07-06 03:13:36,-9.0153,-42.6994,70.48,57,0,3.6
469,Sept-Iles,CA,2022-07-06 03:10:30,50.2001,-66.3821,54.09,64,33,5.17
470,Bambanglipuro,ID,2022-07-06 03:13:16,-7.95,110.2833,82.42,76,89,7.58
471,Kushima,JP,2022-07-06 03:13:37,31.4583,131.2333,86.38,68,100,7.9
472,Trairi,BR,2022-07-06 03:09:23,-3.2778,-39.2689,73.33,85,34,6.85
473,High Level,CA,2022-07-06 03:13:37,58.5169,-117.136,69.08,46,35,3.58
474,Draper,US,2022-07-06 03:13:38,40.5247,-111.8638,85.93,28,0,9.22
475,Si Satchanalai,TH,2022-07-06 03:13:38,17.5169,99.7598,86.23,71,100,1.54
476,East Retford,GB,2022-07-06 03:13:39,53.3221,-0.9432,60.66,78,100,5.75
477,Kathmandu,NP,2022-07-06 03:10:46,27.7167,85.3167,77.22,83,75,3.44
478,San Lawrenz,MT,2022-07-06 03:13:39,36.0553,14.204,80.01,86,0,15.99
479,Qurayyat,SA,2022-07-06 03:13:40,31.3318,37.3428,72.03,47,0,10.6
480,Balkhash,KZ,2022-07-06 03:13:40,46.844,74.9804,70.41,49,0,2.24
481,Gamba,GA,2022-07-06 03:13:40,-2.65,10.0,67.64,93,9,3.51
482,Progreso,MX,2022-07-06 03:13:41,21.2833,-89.6667,79.11,89,100,8.41
483,Ortona,IT,2022-07-06 03:13:41,42.3496,14.4039,73.18,79,0,5.19
484,Burnie,AU,2022-07-06 03:13:42,-41.0667,145.9167,52.95,85,100,11.34
485,Belmonte,BR,2022-07-06 03:13:42,-15.8631,-38.8828,71.87,87,33,9.04
486,Ocos,GT,2022-07-06 03:13:42,14.5094,-92.1933,80.78,76,72,2.26
487,Yarmouth,US,2022-07-06 03:13:43,41.7057,-70.2286,71.71,84,100,13.8
488,Navahrudak,BY,2022-07-06 03:13:43,53.6,25.8333,57.49,86,100,8.63
489,Ust-Maya,RU,2022-07-06 03:13:44,60.4167,134.5333,95.38,30,0,9.42
490,Carpinis,RO,2022-07-06 03:13:44,45.7872,20.9042,68.29,85,100,7.72
491,Pyryatyn,UA,2022-07-06 03:13:44,50.2445,32.5107,67.78,67,3,6.44
492,Araouane,ML,2022-07-06 03:13:45,18.9048,-3.5265,94.87,17,0,9.48
493,Hammerfest,NO,2022-07-06 03:13:45,70.6634,23.6821,52.25,100,100,6.91
494,Maniitsoq,GL,2022-07-06 03:13:46,65.4167,-52.9,42.87,89,44,6.76
495,Nemuro,JP,2022-07-06 03:13:46,43.3236,145.575,54.63,96,100,10.89
496,Trincomalee,LK,2022-07-06 03:13:47,8.5711,81.2335,84.07,67,99,19.42
497,Bourg-En-Bresse,FR,2022-07-06 03:13:47,46.1667,5.1667,64.22,74,0,4.43
498,Kapuskasing,CA,2022-07-06 03:13:47,49.4169,-82.4331,50.92,92,81,3.51
499,Hovd,MN,2022-07-06 03:13:48,48.0056,91.6419,71.17,23,54,5.7
500,Thurso,GB,2022-07-06 03:14:48,58.5927,-3.5259,55.65,93,100,19.89
501,Belyy Yar,RU,2022-07-06 03:14:48,53.6039,91.3903,70.86,52,0,11.18
502,Wonthaggi,AU,2022-07-06 03:14:49,-38.6044,145.5913,56.82,54,0,8.12
503,Goderich,CA,2022-07-06 03:14:49,43.7501,-81.7165,65.91,97,37,7.29
504,Chaozhou,CN,2022-07-06 03:14:50,23.6651,116.6379,77.76,96,100,4.14
505,Sampit,ID,2022-07-06 03:14:50,-2.5333,112.95,88.84,57,69,1.34
506,Waipawa,NZ,2022-07-06 03:14:50,-41.4122,175.5153,48.67,64,96,6.02
507,Ostroleka,PL,2022-07-06 03:14:51,53.0862,21.5757,60.93,97,100,4.63
508,Fortuna Foothills,US,2022-07-06 03:10:19,32.6578,-114.4119,95.09,10,0,9.22
509,Ler,SS,2022-07-06 03:14:51,8.3018,30.1418,71.8,93,51,3.31
510,Veshenskaya,RU,2022-07-06 03:14:52,49.6303,41.7334,65.34,60,4,3.02
511,Kidal,ML,2022-07-06 03:14:52,18.4411,1.4078,88.74,29,54,10.07
512,Mugango,TZ,2022-07-06 03:14:53,-1.6833,33.7,69.48,51,100,3.4
513,Algiers,DZ,2022-07-06 03:14:53,36.7525,3.042,75.02,94,75,8.05
514,Lavrentiya,RU,2022-07-06 03:14:53,65.5833,-171.0,46.47,87,100,7.85
515,Xuanhua,CN,2022-07-06 03:14:54,40.6103,115.0447,82.27,39,1,4.16
516,Lhokseumawe,ID,2022-07-06 03:14:54,5.1801,97.1507,84.07,69,63,3.76
517,Argayash,RU,2022-07-06 03:14:55,55.4888,60.8767,56.7,67,100,3.0
518,Lusambo,CD,2022-07-06 03:14:55,-4.9667,23.45,65.21,49,81,0.87
519,Kenai,US,2022-07-06 03:14:55,60.5544,-151.2583,70.03,73,75,16.11
520,That Phanom,TH,2022-07-06 03:14:56,16.9364,104.7104,80.06,86,100,5.75
521,Hami,CN,2022-07-06 03:14:56,42.8,93.45,92.44,16,15,10.25
522,Anloga,GH,2022-07-06 03:14:56,5.7947,0.8973,76.86,86,63,6.29
523,Launceston,AU,2022-07-06 03:14:57,-41.45,147.1667,53.62,78,100,1.14
524,Goba,ET,2022-07-06 03:14:57,7.0167,39.9833,48.34,85,99,4.83
525,Oxford,GB,2022-07-06 03:12:04,51.7522,-1.256,57.78,85,89,2.48
526,Cam Ranh,VN,2022-07-06 03:14:58,11.9214,109.1591,93.16,49,20,3.44
527,Mackay,AU,2022-07-06 03:14:58,-21.15,149.2,67.68,57,0,0.56
528,Vrangel,RU,2022-07-06 03:14:59,42.7297,133.0839,66.4,87,88,12.53
529,Nuuk,GL,2022-07-06 03:14:54,64.1835,-51.7216,43.41,93,75,25.32
530,Matay,EG,2022-07-06 03:14:59,28.419,30.7792,77.99,50,0,10.36
531,Mehamn,NO,2022-07-06 03:15:00,71.0357,27.8492,62.55,77,37,2.3
532,Rawlins,US,2022-07-06 03:15:00,41.7911,-107.2387,70.36,46,0,17.27
533,Manadhoo,MV,2022-07-06 03:15:01,5.7667,73.3833,82.36,80,89,17.67
534,Arcata,US,2022-07-06 03:15:01,40.8665,-124.0828,66.2,85,100,0.0
535,Kommunar,RU,2022-07-06 03:15:02,59.6206,30.39,59.45,87,26,5.1
536,Soure,BR,2022-07-06 03:15:02,-0.7167,-48.5233,76.73,84,25,8.1
537,Kasongo-Lunda,CD,2022-07-06 03:15:03,-6.4667,16.8167,64.08,38,22,1.52
538,Puerto Ayacucho,VE,2022-07-06 03:15:03,5.6639,-67.6236,74.62,93,90,2.73
539,Seda,LV,2022-07-06 03:15:04,57.65,25.75,53.06,89,100,4.0
540,Emba,KZ,2022-07-06 03:15:04,48.8264,58.1442,59.59,69,100,15.55
541,Caronport,CA,2022-07-06 03:15:04,50.4501,-105.8179,62.78,86,46,10.04
542,Nome,US,2022-07-06 03:15:05,64.5011,-165.4064,55.17,76,100,9.22
543,Correntina,BR,2022-07-06 03:15:05,-13.3433,-44.6367,63.79,57,0,3.04
544,Paranaiba,BR,2022-07-06 03:15:06,-19.6772,-51.1908,65.23,43,9,3.8
545,Naze,JP,2022-07-06 03:15:06,28.3667,129.4833,80.96,80,62,11.59
546,Ongandjera,NA,2022-07-06 03:15:07,-17.8833,15.0667,59.43,37,0,9.44
547,El Dorado,US,2022-07-06 03:15:07,38.7666,-120.5177,71.64,70,84,4.03
548,Oliver,CA,2022-07-06 03:15:34,49.1831,-119.5524,75.51,41,97,2.3
549,Luganville,VU,2022-07-06 03:16:08,-15.5333,167.1667,81.63,80,83,9.15
550,Arandis,NA,2022-07-06 03:16:08,-22.4167,14.9667,56.88,45,0,3.09
551,Roura,GF,2022-07-06 03:16:08,4.7263,-52.3274,79.97,100,0,0.0
552,Palana,RU,2022-07-06 03:16:09,59.1167,159.9667,50.92,93,100,7.16
553,La Ronge,CA,2022-07-06 03:16:09,55.1001,-105.2842,64.65,55,75,2.3
554,Lakes Entrance,AU,2022-07-06 03:16:10,-37.8811,147.981,56.16,51,0,1.05
555,Abaujszanto,HU,2022-07-06 03:16:10,48.2833,21.2,65.46,93,100,4.76
556,Jaruco,CU,2022-07-06 03:16:10,23.0431,-82.0108,74.43,86,77,5.12
557,Zambezi,ZM,2022-07-06 03:16:11,-13.5432,23.1047,50.25,69,6,4.94
558,Bana,CM,2022-07-06 03:16:11,5.1481,10.2762,58.59,97,89,1.9
559,Fairbanks,US,2022-07-06 03:15:54,64.8378,-147.7164,77.59,56,0,8.05
560,Riyadh,SA,2022-07-06 03:12:31,24.6877,46.7219,82.54,14,17,8.9
561,Bitlis,TR,2022-07-06 03:16:12,38.5,42.25,58.35,57,0,10.69
562,Northam,GB,2022-07-06 03:16:12,51.0333,-4.2167,59.61,95,78,5.03
563,Durango,MX,2022-07-06 03:16:12,24.8333,-104.8333,78.98,25,74,17.25
564,Balaipungut,ID,2022-07-06 03:16:13,1.05,101.2833,80.65,82,100,1.66
565,Astana,KZ,2022-07-06 03:16:13,51.1801,71.446,60.75,67,40,8.95
566,College,US,2022-07-06 03:16:14,64.8569,-147.8028,77.58,57,75,8.05
567,Eureka,US,2022-07-06 03:16:14,40.8021,-124.1637,65.19,85,98,0.67
568,Chateau-Thierry,FR,2022-07-06 03:16:15,49.05,3.4,53.37,85,0,5.08
569,Scarborough,GB,2022-07-06 03:15:14,54.2797,-0.4044,58.33,85,100,1.99
570,Walvis Bay,NA,2022-07-06 03:16:15,-22.9575,14.5053,50.09,81,0,2.3
571,Sambava,MG,2022-07-06 03:16:16,-14.2667,50.1667,67.62,82,34,10.83
572,Skjervoy,NO,2022-07-06 03:16:16,70.0311,20.9714,55.4,84,100,11.18
573,Nacala,MZ,2022-07-06 03:16:17,-14.5428,40.6728,64.35,92,0,7.4
574,Ashland,US,2022-07-06 03:16:17,40.8167,-82.2665,75.47,89,100,12.41
575,Carbonia,IT,2022-07-06 03:16:17,39.1672,8.5222,76.01,54,22,6.49
576,Cap Malheureux,MU,2022-07-06 03:12:06,-19.9842,57.6142,65.46,75,60,4.0
577,Jalu,LY,2022-07-06 03:16:18,29.0331,21.5482,76.08,33,0,6.49
578,Anadyr,RU,2022-07-06 03:16:18,64.75,177.4833,52.3,81,75,8.95
